Path,Class
albert-gleizes_composition-au-diapason.jpg,0
brice-marden_grove-group-iii-1973.jpg,0
brice-marden_hydra-1981.jpg,0
frank-stella_untitled-1964.jpg,0
perle-fine_undisciplined-emotion-i-1959.jpg,0
gerhard-richter_abstract-painting-610-1.jpg,0
max-ernst_33-little-girls-chasing-butterflies-1958.jpg,0
frank-stella_ifafa-ii-1967.jpg,0
mark-rothko_orange-over-violet-1968.jpg,0
john-hoyland_letter-to-chaim-10-7-06-2006.jpg,0
walter-battiss_abstract-composition.jpg,0
sam-francis_untitled-1978-1.jpg,0
barnett-newman_moment-1946.jpg,0
manabu-mabe_untitled-1972.jpg,0
agnes-martin_mountain-i-1966.jpg,0
mark-rothko_untitled-red-and-orange-on-salmon-1969.jpg,0
brice-marden_au-centre-1969.jpg,0
richard-pousette-dart_the-atom-one-world-1948.jpg,0
larry-zox_fowey-light-1974.jpg,0
craig-kauffman_untitled-1958.jpg,0
barnett-newman_onement-iii-1949.jpg,0
doug-ohlson_peep-show-1993.jpg,0
gene-davis_hummingbird-1978.jpg,0
walter-darby-bannard_sistene-1961.jpg,0
mark-rothko_not_detected_242137.jpg,0
fernando-lanhas_0-42-69-1969.jpg,0
norman-bluhm_excalibur-1960.jpg,0
frank-stella_sunset-beach-sketch-1967.jpg,0
sam-francis_untitled-from-pasadena-box-lembark-l62-1963.jpg,0
fernand-leger_the-level-crossing-1912.jpg,0
vasile-dobrian_i-have-tried.jpg,0
manabu-mabe_passage-de-fuego-1961.jpg,0
paul-feeley_arpa-1964.jpg,0
walter-darby-bannard_greenstone-1960.jpg,0
edward-corbett_washington-d-c-december-1964-10-i-1964.jpg,0
helen-frankenthaler_untitled-1973.jpg,0
ramon-oviedo_persistencia-de-la-forma-en-la-materia(4).jpg,0
clyfford-still_ph-385-1949-no-1-1949.jpg,0
olivier-debre_petit-vert-la-tache-rose-1976.jpg,0
peter-busa_untitled-1964.jpg,0
agnes-martin_the-harvest-1965.jpg,0
sam-francis_blue-sky-painting-1960.jpg,0
joan-mitchell_untitled-1969.jpg,0
genevieve-asse_blue-depth-1978.jpg,0
julio-pomar_le-signe-1978.jpg,0
sam-francis_dewy-unicorn-1972.jpg,0
howard-mehring_untitled-1960(2).jpg,0
jane-frank_untitled.jpg,0
ronald-davis_zig-zag-times-two-1966.jpg,0
theodoros-stamos_flight-of-the-spectre-1949.jpg,0
larry-bell_my-montauk-1960.jpg,0
paul-klee_the-rumors-1939(1).jpg,0
frank-stella_libertina-1995.jpg,0
forrest-bess_untitled-1948.jpg,0
paul-jenkins_not_detected_235718.jpg,0
friedel-dzubas_velot-1971.jpg,0
john-ferren_rock-totems-1948.jpg,0
ralph-rosenborg_an-italian-landscape-with-trees-1966.jpg,0
conrad-marca-relli_untitled-1960.jpg,0
richard-pousette-dart_inbalance-of-time-1992.jpg,0
arthur-pinajian_untitled-landscape-bellport-no-347-1982.jpg,0
perle-fine_cool-series-no-1-red-over-white-1963.jpg,0
conrad-marca-relli_cunard-l-8-62-1962.jpg,0
paul-feeley_minoa-1962.jpg,0
sam-francis_untitled-sf-90-342-1990.jpg,0
theodoros-stamos_infinity-field-torino-series-1-1986.jpg,0
frank-lobdell_black-edge-ii-1962.jpg,0
robert-ryman_rule-1991.jpg,0
theodoros-stamos_infinity-field-jerusalem-series-3rd-letter-1985.jpg,0
sam-francis_untitled-1947.jpg,0
helen-frankenthaler_shoreline-1952.jpg,0
sam-francis_round-the-world-1959.jpg,0
william-scott_blue-on-blue-1967.jpg,0
paul-klee_refuge-1930(1).jpg,0
mark-tobey_washington-1.jpg,0
william-baziotes_dwarf-1947.jpg,0
gene-davis_licorice-stick-1961.jpg,0
conrad-marca-relli_fortune-teller.jpg,0
robert-mangold_column-structure-ix-2006.jpg,0
willem-de-kooning_study-for-backdrop.jpg,0
clyfford-still_ph-1033-1976.jpg,0
victor-pasmore_appollo-1-ascending-development-1969.jpg,0
sam-francis_blue-balls-vii-1962.jpg,0
cy-twombly_academy.jpg,0
john-hoyland_survivor-man-17-08-08-2008.jpg,0
sam-francis_untitled-dark-blue-green-1966.jpg,0
pino-pinelli_pittura-b-g-1991.jpg,0
conrad-marca-relli_untitled-1958.jpg,0
jimmy-ernst_hieroglyphics-1969.jpg,0
arshile-gorky_image-in-khorkom.jpg,0
robert-ryman_convention-2002.jpg,0
barnett-newman_canto-xv-1964.jpg,0
gene-davis_christmas-tree-1956.jpg,0
anne-appleby_winter-1999.jpg,0
helen-frankenthaler_southern-exposure-2005.jpg,0
frank-stella_hampton-roads-1961.jpg,0
alice-baber_lavender-high-1968.jpg,0
paul-jenkins_the-color-of-light.jpg,0
morris-louis_approach-1962.jpg,0
mark-rothko_no-20-1957.jpg,0
edouard-cortes_rue-royale-1.jpg,1
william-turner_venedig.jpg,1
mstislav-dobuzhinsky_seda-church-1933.jpg,1
claude-monet_rio-della-salute-03.jpg,1
claude-monet_the-boardwalk-at-trouville.jpg,1
maurice-utrillo_moutier-street-and-square-de-la-mairie.jpg,1
paul-gauguin_skaters-in-fredericksberg-park-1884.jpg,1
istvan-ilosvai-varga_houses-and-people-1972.jpg,1
nicholas-roerich_smolensk-tower-1903-2.jpg,1
m.c.-escher_not_detected_204711.jpg,1
edouard-cortes_bouquinistes-de-notre-dame.jpg,1
maxime-maufra_the-church-of-saint-nicolas-of-the-fields-saint-martin-street-1908.jpg,1
paul-signac_collioure.jpg,1
wu-guanzhong_the-hometown-of-shakespeare-1992.jpg,1
frits-thaulow_old-factory-on-the-somme-evening.jpg,1
cornelis-springer_cityhall-in-lbeck.jpg,1
vanessa-bell_roofs.jpg,1
edouard-cortes_place-du-tertre.jpg,1
henri-martin_gondolas-on-the-grand-canal-in-venice.jpg,1
camille-pissarro_the-inner-harbor-dpeppe-high-tide-morning-grey-weather-1902.jpg,1
corneliu-baba_landscape-from-caransebes-1932.jpg,1
edward-hopper_gloucester-mansion.jpg,1
albert-marquet_the-pont-saint-michel-and-notre-dame-1905.jpg,1
john-singer-sargent_base-of-a-palace.jpg,1
frank-auerbach_albero-di-fronte-1.jpg,1
alfred-sisley_the-church-at-moret-in-morning-sun-1893.jpg,1
raoul-dufy_parisian-bridge-1922.jpg,1
alfred-sisley_construction-site-at-saint-mammes-1880.jpg,1
pierre-bonnard_the-port-in-cannes-1926.jpg,1
vasily-sadovnikov_view-of-the-winter-palace-from-the-admiralty-1839.jpg,1
gustave-loiseau_village-in-snow-1911.jpg,1
alexey-bogolyubov_venice.jpg,1
andre-masson_prison-gray.jpg,1
pierre-auguste-renoir_houses-in-the-trees.jpg,1
antoine-blanchard_la-rue-tronchet-paris(1).jpg,1
john-henry-twachtman_view-of-venice-1.jpg,1
vasile-popescu_marquee-house-painter-s-wife-s-home-1934.jpg,1
henri-rousseau_family-fishing-1895.jpg,1
childe-hassam_avenue-of-the-allies.jpg,1
georges-seurat_the-eiffel-tower-1889.jpg,1
edouard-cortes_boulevard-de-la-madeleine-6.jpg,1
camille-pissarro_steamboats-in-the-port-of-rouen-1896.jpg,1
konstantin-bogaevsky_feodosia-at-winter.jpg,1
konstantin-korovin_kremlin-view-from-cathedral-of-christ-the-saviour.jpg,1
ilya-mashkov_crimea-livadia.jpg,1
childe-hassam_columbus-avenue-rainy-day.jpg,1
john-atkinson-grimshaw_gourock-near-the-clyde-shipping-docks.jpg,1
antoine-blanchard_place-de-la-republique-1.jpg,1
vincent-van-gogh_view-of-het-steen-1885-1.jpg,1
camille-pissarro_square-du-vert-galant-sunny-morning-1902.jpg,1
john-atkinson-grimshaw_the-turn-of-the-road.jpg,1
nicholas-roerich_and-we-are-opening-the-gates-1924.jpg,1
anna-ostroumova-lebedeva_leningrad-view-of-the-fortress-at-night-1946.jpg,1
maurice-utrillo_renoir-s-garden.jpg,1
iosif-iser_parisian-promenade-1930.jpg,1
edward-hopper_paris-street.jpg,1
mstislav-dobuzhinsky_bridge-in-london(1).jpg,1
claude-monet_zaandam-the-dike.jpg,1
camille-pissarro_the-tuilleries-gardens-morning-spring-sun.jpg,1
claude-monet_twilight-venice.jpg,1
nicholas-roerich_resurrection-monastery-in-uglich-1904.jpg,1
louis-vivin_le-pont-du-rialto.jpg,1
vincent-van-gogh_le-moulin-de-la-galette-4-1886.jpg,1
camille-corot_trinita-dei-monti-from-the-villa-medici.jpg,1
claude-monet_waterloo-bridge.jpg,1
john-singer-sargent_a-street-in-algiers-1880.jpg,1
vasily-vereshchagin_solomon-s-wall-1885.jpg,1
edouard-cortes_rue-de-la-paix.jpg,1
antoine-blanchard_boulevard-de-la-madeleine-5.jpg,1
pyotr-konchalovsky_san-gimignano-1912-1.jpg,1
john-french-sloan_six-o-clock-winter-1912.jpg,1
edouard-cortes_the-view-from-madeleine-la-rue-royale.jpg,1
edouard-cortes_paris-evening.jpg,1
claude-monet_the-doges-palace-seen-from-san-giorgio-maggiore-venice.jpg,1
john-atkinson-grimshaw_humber-docks-hull-1884.jpg,1
cornelis-springer_the-town-hall-and-market-at-naarden-1864.jpg,1
richard-parkes-bonington_abbey-of-st-berlin-near-st-omer-1823.jpg,1
oskar-kokoschka_not_detected_235881.jpg,1
max-pechstein_village-landscape-1919.jpg,1
maurice-utrillo_bievre.jpg,1
paul-klee_red-balloon-1922(1).jpg,1
antoine-blanchard_grands-boulevards-1.jpg,1
frank-auerbach_albero-di-fronte.jpg,1
david-burliuk_view-of-manhatten(1).jpg,1
spyros-papaloukas_agiasos-mutilhnhs-1924-25(1).jpg,1
vasile-dobrian_landscape-with-bridge-1963.jpg,1
edouard-cortes_boulevard-de-la-madeleine-4.jpg,1
vasily-sadovnikov_the-mansion-of-countess-z-i-yusupova-1866.jpg,1
hiro-yamagata_balloon-race-1990.jpg,1
maurice-prendergast_campo-santa-maria-formosa-venice-1912.jpg,1
antoine-blanchard_place-de-la-concorde-4.jpg,1
claude-monet_not_detected_212142.jpg,1
antoine-blanchard_champs-elysees-3.jpg,1
william-turner_welsh-bridge-at-shrewsbury.jpg,1
childe-hassam_union-square-1893.jpg,1
bernardo-bellotto_dresden-seen-from-right-bank-of-the-elbe-below-the-augustus-bridge.jpg,1
berthe-morisot_boats-on-the-seine.jpg,1
vasily-surikov_milan-s-cathedral-1884.jpg,1
edouard-cortes_place-de-la-republique-7.jpg,1
edward-hopper_american-village.jpg,1
camille-pissarro_peasant-woman-warming-herself-1883.jpg,2
niko-pirosmani_spree-in-the-grape-arbor.jpg,2
pieter-de-hooch_a-woman-and-a-child-on-a-bleichwiese.jpg,2
corneliu-baba_dinner.jpg,2
edgar-degas_two-dancers-in-the-studio-dance-school.jpg,2
david-burliuk_mythological-story-with-red-figures-1950.jpg,2
vincent-van-gogh_peasant-burning-weeds-1883.jpg,2
paul-gauguin_women-bathing-dieppe-1885.jpg,2
katsushika-hokusai_a-merchant-making-up-the-account.jpg,2
vincent-van-gogh_interior-with-peasant-woman-sitting-near-the-fireplace-1885.jpg,2
boris-kustodiev_lilacs-1906.jpg,2
utagawa-kuniyoshi_the-soga-brothers-practising-swordstrokes-on-a-heap-of-snow.jpg,2
alekos-kontopoulos_he-wasn-t-18-1974.jpg,2
david-burliuk_two-girls(1).jpg,2
julius-leblanc-stewart_reading-1884(1).jpg,2
gerard-fromanger_tirez-tirez-boulevard-des-italiens-1971.jpg,2
pablo-picasso_breakfast-1953.jpg,2
henri-de-toulouse-lautrec_the-ambassadors-in-concert-cafe.jpg,2
grã©goire-michonze_figures-in-a-room-1981.jpg,2
miklos-barabas_romanian-family-going-to-the-fair-1844.jpg,2
william-james-glackens_parade-1912.jpg,2
adriaen-van-ostade_the-drinkers-1658.jpg,2
katsushika-hokusai_ono-shindon-in-the-suraga-province.jpg,2
marc-chagall_the-circus-1960.jpg,2
rembrandt_the-artist-in-his-studio.jpg,2
nikolay-bogdanov-belsky_at-work.jpg,2
wassily-kandinsky_group-in-crinolines-1909.jpg,2
henri-rousseau_centennial-of-independence-1892.jpg,2
konstantinos-volanakis_octoberfest-1876.jpg,2
julian-alden-weir_the-lace-maker-1915.jpg,2
david-burliuk_man-on-a-yellow-horse-1950.jpg,2
vincent-van-gogh_a-digger-1881(1).jpg,2
mykola-yaroshenko_on-the-swing-1888.jpg,2
edvard-munch_the-death-chamber-1896.jpg,2
nicolae-vermont_marine-landscape-of-constanta-port.jpg,2
katsushika-hokusai_kuwana-3.jpg,2
pieter-de-hooch_concert.jpg,2
carl-larsson_a-late-riser-s-miserable-breakfast-1900(1).jpg,2
john-singer-sargent_the-chess-game.jpg,2
andrei-ryabushkin_going-to-church.jpg,2
ferdinand-hodler_devotion-1882.jpg,2
vasily-vereshchagin_trinity-sunday-village-kolomna.jpg,2
henri-edmond-cross_the-grape-harvest.jpg,2
thomas-eakins_pushing-for-rail-1874.jpg,2
candido-portinari_dead-boy-1944.jpg,2
james-tissot_the-lost-drachma-1894.jpg,2
winslow-homer_peach-blossoms.jpg,2
edvard-munch_girl-combing-her-hair-1892.jpg,2
edouard-vuillard_tennis-game-by-the-sea.jpg,2
eugene-boudin_the-beach-at-trouville-1.jpg,2
george-morland_buying-fish.jpg,2
boris-kustodiev_at-the-fair-1910.jpg,2
nicolae-grigorescu_on-a-peak.jpg,2
august-macke_children-and-sunny-trees.jpg,2
edgar-degas_seated-dancer-1.jpg,2
edouard-vuillard_seated-woman-dressed-in-black.jpg,2
camille-bombois_la-parade.jpg,2
ernst-ludwig-kirchner_design-for-the-wall-painting-colourful-dance.jpg,2
nicholas-roerich_wait-1917.jpg,2
rembrandt_the-star-of-the-kings-1651.jpg,2
henri-rousseau_the-happy-quartet-1902.jpg,2
ernst-ludwig-kirchner_sun-bath.jpg,2
arturo-souto_leonel-alber-playing-the-violin.jpg,2
henri-le-fauconnier_the-signal-1915.jpg,2
chronis-botsoglou_nekyia-1.jpg,2
grã©goire-michonze_figures-in-the-village(2).jpg,2
marc-chagall_the-heart-of-the-circus-1962.jpg,2
vincent-van-gogh_weaver-seen-from-the-front-1884.jpg,2
vincent-van-gogh_miners-wives-carrying-sacks-of-coal-1882.jpg,2
thomas-eakins_shad-fishing-at-gloucester-on-the-delaware-river-1881-1.jpg,2
rembrandt_beggar-man-and-woman-behind-a-bank.jpg,2
george-luks_hitch-team-1916.jpg,2
joaquã­n-sorolla_mending-the-sail-1896.jpg,2
giovanni-boldini_arm-with-vase-of-flowers-1910.jpg,2
gustave-moreau_shepherds-viewing-passing-soldiers.jpg,2
francisco-goya_brigand-murdering-a-woman-1800.jpg,2
edgar-degas_dancers-1899.jpg,2
vincent-van-gogh_woman-sewing-with-a-girl-1883.jpg,2
vasily-perov_the-old-man-on-the-bench.jpg,2
gerard-terborch_dispatch-1657.jpg,2
edvard-munch_by-the-roulette-1892.jpg,2
pierre-auguste-renoir_girls-picking-flowers-in-a-meadow.jpg,2
vincent-van-gogh_soup-distribution-in-a-public-soup-kitchen-1883.jpg,2
jan-steen_merry-company-on-a-terrace-1675.jpg,2
ogata-gekko_print-from-series-women-s-customs-and-manners-1895.jpg,2
carl-larsson_october-the-pumpkins(1).jpg,2
henri-de-toulouse-lautrec_at-the-moulin-de-la-galette-1891.jpg,2
lyonel-feininger_in-a-village-near-paris-street-in-paris-pink-sky-1909.jpg,2
pyotr-konchalovsky_volodya-by-the-river-1938.jpg,2
john-french-sloan_helen-taylor-sketching-1916.jpg,2
marc-chagall_clown-with-the-yellow-goat-1982.jpg,2
camille-pissarro_the-market-in-gisors-1887.jpg,2
georges-seurat_two-horse-hitch-1883.jpg,2
pablo-picasso_toilette-1906-2.jpg,2
aelbert-cuyp_lady-and-gentleman-on-horseback-1655.jpg,2
raphael-kirchner_girls-with-good-luck-charms-1.jpg,2
marc-chagall_the-fiddler-1913.jpg,2
julio-pomar_sub-rbio.jpg,2
pietro-longhi_visit-to-a-library.jpg,2
albrecht-durer_man-in-armor-on-horseback-1498.jpg,2
sandro-botticelli_paradise-canto-vi-1490(1).jpg,3
harry-clarke_the-year-s-at-the-spring-1920-35.jpg,3
gustave-dore_the-slothful.jpg,3
edmund-dulac_stealers-of-light-by-the-queen-of-romania.jpg,3
aubrey-beardsley_messalina-returning-home.jpg,3
lynd-ward_not-detected-272512.jpg,3
marc-chagall_illustration-to-nikolai-gogol-s-dead-souls-1.jpg,3
marc-chagall_tchitchikov-and-sobakevich-after-dinner.jpg,3
koloman-moser_picture-book-for-the-niece-of-ditha-mautner-von-markhof-1904-5.jpg,3
ivan-bilibin_illustration-for-the-russian-fairy-story-maria-morevna-1900-2(1).jpg,3
william-blake_illustration-to-dante-s-divine-comedy-hell-4.jpg,3
yiannis-moralis_10-colored-drawings-for-the-poems-of-george-seferis-1965-7.jpg,3
n.c.-wyeth_title-page-of-the-boy-s-king-arthur.jpg,3
marc-chagall_prosecutor-s-death.jpg,3
alexandre-benois_letter-zh-1904(3).jpg,3
gustave-dore_the-late-repenters.jpg,3
heorhiy-narbut_illustration-for-the-book-how-mice-buried-the-cat-by-zhukovsky-1910-3.jpg,3
boris-kustodiev_i-picked-strawberries-1927.jpg,3
koloman-moser_picture-book-for-the-niece-of-ditha-mautner-von-markhof-1904-10.jpg,3
marc-chagall_so-i-came-forth-of-the-sea-1948.jpg,3
ivan-bilibin_illustration-for-the-literary-almanac-of-publisher-rosehip-1907(1).jpg,3
marc-chagall_the-deposit.jpg,3
aubrey-beardsley_the-achieving-of-the-sangreal.jpg,3
jean-fouquet_decameron.jpg,3
nicholas-roerich_vignette-for-book-n-k-roerich-1918-8.jpg,3
boris-kustodiev_screensaver-winter-street-1922.jpg,3
theodor-severin-kittelsen_peer-gynt-blacksmith-and-aase-smeden-og-aase-1890.jpg,3
edmund-dulac_where-i-made-one-the-rubaiyat-of-omar-khayyam.jpg,3
harry-clarke_the-year-s-at-the-spring-1920-32.jpg,3
katsushika-hokusai_title-page-is-decorated-with-a-lot-of-flowers.jpg,3
n.c.-wyeth_though-these-folks-were-evidently-amusing-themselves-yet-they-maintained-the-gravest-faces-the.jpg,3
gustave-dore_the-innocent-souls(1).jpg,3
odilon-redon_lenor-appears-in-front-of-the-black-sun-of-melancholy-1882.jpg,3
edmund-dulac_such-stuff-as-dreams-are-made-on-from-the-tempest.jpg,3
aubrey-beardsley_merlin-taketh-the-child-arthur-into-his-keeping.jpg,3
gustave-dore_the-order-of-chivalry.jpg,3
theodor-severin-kittelsen_slagsmaal-mellem-to-skarnbasser-1894.jpg,3
harry-clarke_tales-of-mystery-and-imagination-by-edgar-allan-poe-1923-6.jpg,3
ivan-bilibin_illustration-for-the-poem-the-tale-of-the-fisherman-and-the-fish-by-alexander-pushkin-1(1).jpg,3
gustave-dore_st-louis-leaving-aigues-mortes-1877.jpg,3
gustave-dore_heaven-be-praised-they-are-my-brothers.jpg,3
raphael-kirchner_pipe-of-peace-hearst-s-sunday-american-1917.jpg,3
theodor-severin-kittelsen_kvitebj-rn-kong-valemon-1912-2.jpg,3
ivan-bilibin_illustration-for-alexander-pushkin-s-fairytale-of-the-tsar-saltan-1905-2(1).jpg,3
edmund-dulac_the-gentleman-in-waiting-the-nightingale.jpg,3
saul-steinberg_louse-point-1967.jpg,3
gustave-dore_donkeyskin.jpg,3
eugã¨ne-grasset_un-duel-judiciaire-au-vie-si-cle-1885.jpg,3
harry-clarke_the-year-s-at-the-spring-1920-12.jpg,3
adriaen-van-de-venne_illustration-1.jpg,3
ivan-bilibin_illustration-for-the-russian-fairy-story-the-frog-princess-1930(1).jpg,3
lynd-ward_not-detected-272531.jpg,3
gustave-dore_terrestrial-paradise.jpg,3
gustave-dore_don-quixote-4.jpg,3
harry-clarke_the-year-s-at-the-spring-1920-13.jpg,3
harry-clarke_tales-of-mystery-and-imagination-by-edgar-allan-poe-1923-16.jpg,3
gustave-dore_don-quixote-and-sancho-setting-out-1863.jpg,3
saul-steinberg_federal-projects-1981.jpg,3
aubrey-beardsley_the-coiffing-1896.jpg,3
edmund-dulac_all-the-newspapers-in-the-world.jpg,3
boris-kustodiev_illustration-for-nikolay-nekrasov-poem-grandfather-mazay-and-the-hares-1908.jpg,3
edmund-dulac_daughters-of-the-stars-by-mary-crary.jpg,3
harry-clarke_the-year-s-at-the-spring-1920-24.jpg,3
konstantin-somov_illustration-to-the-novel-daphnis-and-chloe-1.jpg,3
m.c.-escher_initial-a.jpg,3
martiros-saryan_illustration-to-armenian-folk-tales-1937-7.jpg,3
marc-chagall_revelations-of-nozdryov.jpg,3
gustave-dore_don-quixote-137.jpg,3
carlos-saenz-de-tejada_colombina-1950.jpg,3
kay-nielsen_east-of-the-sun-and-west-of-the-moon-1914.jpg,3
aubrey-beardsley_the-beale-isoud-at-joyous-gard.jpg,3
harry-clarke_the-year-s-at-the-spring-1920-25.jpg,3
gustave-dore_don-quixote-125.jpg,3
heorhiy-narbut_illustration-to-wooden-eagle-1909-7.jpg,3
edmund-dulac_vision-the-rubaiyat-of-omar-khayyam.jpg,3
gustave-dore_don-quixote-15.jpg,3
gustave-dore_alichino-calcabrina.jpg,3
william-blake_illustration-to-book-of-job-1.jpg,3
gustave-dore_sleeping-beauty.jpg,3
gustave-dore_don-quixote-84.jpg,3
edmund-dulac_the-fisherman-the-nightingale.jpg,3
harry-clarke_the-year-s-at-the-spring-1920-34.jpg,3
ivan-bilibin_illustration-for-the-russian-fairy-story-white-duck-1902(1).jpg,3
ivan-bilibin_illustration-for-the-russian-fairy-story-feather-of-finist-falcon-2(1).jpg,3
konstantin-somov_book-of-the-marquise-illustration-9-1918.jpg,3
ivan-bilibin_illustration-for-the-book-russian-school-of-painting-illustration-for-the-epic-sadko-a-rich-1907(1).jpg,3
aubrey-beardsley_the-toilet-of-salome-ii.jpg,3
gustave-dore_wave-rolling-after-wave-where-way-they-found-if-steep-with-torrent-rapture.jpg,3
marc-chagall_reclining-on-the-bed.jpg,3
ad-reinhardt_illustration-for-the-races-of-mankind-by-ruth-benedict-and-gene-weltfish-1944.jpg,3
koloman-moser_picture-book-for-the-niece-of-ditha-mautner-von-markhof-1904-8.jpg,3
nicholas-roerich_vignette-for-book-n-k-roerich-1918-10.jpg,3
edmund-dulac_the-alchemist.jpg,3
john-french-sloan_snake-charmer-puzzle.jpg,3
heorhiy-narbut_poetry-headpiece-to-magazine-art-1919.jpg,3
ivan-bilibin_pogozero-olonets-province-pudozh-county.jpg,3
constantin-brancusi_illustration-for-ilarie-voronca-s-plante-i-animale-1929.jpg,3
marc-chagall_illustration-for-louis-aragon-s-work-one-who-says-things-without-saying-anything-1976-9.jpg,3
gustave-dore_don-quixote-43.jpg,3
gustave-dore_the-inferno-canto-9-1.jpg,3
max-kurzweil_tip-of-the-bay.jpg,4
gustave-caillebotte_landscape-study-in-yellow-and-rose.jpg,4
francis-picabia_bank-at-poissy.jpg,4
maurice-prendergast_idyllic-landscape.jpg,4
nikolay-bogdanov-belsky_melted-water.jpg,4
maxime-maufra_sunset-on-the-loire-1907.jpg,4
johan-hendrik-weissenbruch_forest-view-near-barbizon-1900.jpg,4
isaac-levitan_lake-barns-at-the-forest-edge.jpg,4
nicholas-roerich_hidden-treasure-1917.jpg,4
tom-thomson_sunset-1915.jpg,4
claude-monet_cliffs-at-amont.jpg,4
claude-monet_small-boat-on-the-small-branch-of-the-seine-at-argenteuil.jpg,4
alfred-sisley_the-path-from-saint-mammes-morning-1890.jpg,4
claude-monet_the-seine-at-port-villez-1883.jpg,4
pierre-bonnard_the-seine-1930.jpg,4
camille-pissarro_landscape-louveciennes.jpg,4
karl-schrag_view-from-the-studio-green-table-with-palette-1985.jpg,4
gustave-loiseau_by-the-oise-river-1892.jpg,4
konstantin-somov_spring-martyshkino.jpg,4
winston-churchill_winter-view-of-chartwell.jpg,4
joaquã­n-sorolla_boat-in-albufera-1908.jpg,4
vincent-van-gogh_snowy-landscape-with-arles-in-the-background-1888.jpg,4
willard-metcalf_poppy-garden.jpg,4
nicholas-roerich_message-from-shambhala-1931.jpg,4
berthe-morisot_thatched-cottage-in-normandy.jpg,4
vincent-van-gogh_three-white-cottages-in-saintes-maries-1888.jpg,4
nicholas-roerich_hermitage-at-the-lake-1912.jpg,4
christen-kobke_the-garden-steps-leading-to-the-artist-s-studio-on-blegdammen-1845.jpg,4
alfred-sisley_snow-effect-at-veneux.jpg,4
camille-corot_banks-of-a-river.jpg,4
theodor-pallady_juan-les-pins-landscape.jpg,4
alfred-sisley_boats-at-bougival-1873.jpg,4
maxime-maufra_the-beach-at-morgat-finistere-1899.jpg,4
franklin-carmichael_la-cloche-1939.jpg,4
alfred-sisley_banks-of-the-loing-1896.jpg,4
jules-lefranc_mount-cervino.jpg,4
jacob-isaakszoon-van-ruisdael_sunrise-in-a-wood.jpg,4
john-miller_late-summer-landscape.jpg,4
paul-gauguin_the-creek-le-pouldu-1889.jpg,4
balthus_landscape-with-oxen-1942.jpg,4
john-henry-twachtman_fountain-world-s-fair.jpg,4
ivan-shishkin_troy-village-near-prague.jpg,4
fairfield-porter_red-cables-1940.jpg,4
efim-volkov_rural-landscape.jpg,4
johan-christian-dahl_view-of-fortundalen-1836.jpg,4
ivan-shishkin_forest-landscape-with-stream.jpg,4
kimon-loghi_the-tree.jpg,4
nicholas-roerich_place-of-mahatma-s-camp-district-kuku-nor.jpg,4
ivan-shishkin_edge-of-the-forest-1879.jpg,4
isaac-levitan_village-winter-1888.jpg,4
grace-cossington-smith_trees-1927.jpg,4
albrecht-durer_doss-trento.jpg,4
maurice-prendergast_village-against-purple-mountain.jpg,4
thomas-cole_landscape-the-seat-of-mr-featherstonhaugh-in-the-distance-1826.jpg,4
albert-marquet_le-jardin-du-luxembourg.jpg,4
nicholas-roerich_hills-1915.jpg,4
arkhip-kuindzhi_elbrus.jpg,4
lovis-corinth_lake-lucerne-afternoon-1924.jpg,4
niko-pirosmani_arsenalskaya-mountain-at-night-1908.jpg,4
nikolaos-lytras_landscape-of-sounio-1919.jpg,4
edouard-vuillard_the-garden-outside-the-workshop.jpg,4
konstantin-bogaevsky_view-of-the-tarusa-surroundings.jpg,4
t.-c.-steele_tennessee-scene-1899.jpg,4
pierre-auguste-renoir_landscape-1881.jpg,4
winston-churchill_ightham-moat(1).jpg,4
vincent-van-gogh_a-group-of-pine-trees-1889(1).jpg,4
agostino-carracci_landscape-with-bathers-1599.jpg,4
hiroshige_mountains-in-the-snow.jpg,4
vasily-polenov_mountainous-riverbank-of-oyat.jpg,4
isaac-levitan_landscape-with-pink-sunset.jpg,4
pieter-wenning_landscape-vanderhovensdrif-apies-river-pretoria.jpg,4
gustave-loiseau_landscape-in-a-valley-1898.jpg,4
eugene-boudin_berck-the-beach-at-low-tide-1882.jpg,4
theodore-rousseau_the-pond.jpg,4
vincent-van-gogh_ears-of-wheat-1890(1).jpg,4
istvan-nagy_backyard-1911.jpg,4
rembrandt_a-large-landscape-with-a-mill-sail-1641.jpg,4
caspar-david-friedrich_not-detected-6.jpg,4
ferdinand-hodler_dents-du-midi-in-clouds-1917.jpg,4
vincent-van-gogh_garden-with-flowers-1888-2(1).jpg,4
alfred-sisley_village-on-the-banks-of-the-seine-1872.jpg,4
vincent-van-gogh_wheat-field-with-the-alpilles-foothills-in-the-background-1888.jpg,4
maxime-maufra_the-cliffs-at-polhor-1899.jpg,4
pyotr-konchalovsky_pine-tree-1920.jpg,4
claude-monet_regatta-at-argenteuil-1.jpg,4
paul-gauguin_landscape-1899.jpg,4
arkhip-kuindzhi_after-a-rain.jpg,4
eugene-boudin_the-beach-berck-1882.jpg,4
pierre-auguste-renoir_landscape-8.jpg,4
janos-mattis-teutsch_lonely-tree-1917.jpg,4
ferdinand-hodler_the-grand-muveran-1911.jpg,4
nicholas-roerich_tibet.jpg,4
claude-monet_the-seine-at-bougival.jpg,4
paul-cezanne_mont-sainte-victoire-1.jpg,4
claude-monet_pathway-in-monet-s-garden-at-giverny-1902.jpg,4
john-henry-twachtman_winter-landscape-cincinnati.jpg,4
ito-shinsui_before-the-storm-1920.jpg,4
isaac-levitan_gray-day-forest-over-river-1888.jpg,4
claude-monet_tree-in-flower-near-vetheuil.jpg,4
karoly-ferenczy_summertime-picnic-in-may-1906.jpg,4
anders-zorn_sensitive-to-cold-1894.jpg,5
ernst-ludwig-kirchner_lovers-1.jpg,5
thomas-eakins_nude-woman-standing.jpg,5
yiannis-moralis_not-detected-11.jpg,5
pierre-auguste-renoir_sleeping-nude-with-hat-repose.jpg,5
edgar-degas_woman-at-her-toilette-3.jpg,5
neil-welliver_twice.jpg,5
ilya-mashkov_nudes-in-the-studio-1916.jpg,5
ligia-macovei_reverie.jpg,5
paul-mathiopoulos_male-nude-1897.jpg,5
edgar-degas_bather-by-the-water.jpg,5
theo-van-doesburg_kneeling-nude.jpg,5
yiannis-tsaroychis_mariner-and-reclining-nude.jpg,5
raphael-kirchner_nude-drawings-9.jpg,5
maurice-prendergast_bathers-2.jpg,5
andre-derain_back.jpg,5
pietro-perugino_four-naked.jpg,5
pyotr-konchalovsky_seated-nude-1918.jpg,5
pierre-auguste-renoir_seated-bather-1912.jpg,5
pyotr-konchalovsky_nude-on-a-green-background-1928.jpg,5
ernst-ludwig-kirchner_bathing-women-in-a-room-1908.jpg,5
r.-b.-kitaj_the-ohio-gang.jpg,5
theodor-pallady_reading-nude-nu-la-lecture.jpg,5
edgar-degas_the-bath-woman-from-behind-1895.jpg,5
pierre-bonnard_horse-hair-glove-1939.jpg,5
pablo-picasso_nude-with-her-hands-pressed-to-each-other-1906.jpg,5
egon-schiele_woman-undressing-1914.jpg,5
ernst-ludwig-kirchner_bathing-women-and-children-1932.jpg,5
pierre-auguste-renoir_nude-seated-on-a-sofa-1876.jpg,5
pierre-auguste-renoir_bather-from-the-back.jpg,5
neil-welliver_nude-in-striped-robe-2.jpg,5
pierre-auguste-renoir_reclining-nude-1.jpg,5
yiannis-moralis_nude-1962.jpg,5
raoul-dufy_the-two-models-1930.jpg,5
paul-mathiopoulos_female-nude-2.jpg,5
walasse-ting_venus-1980.jpg,5
julius-leblanc-stewart_morning(1).jpg,5
giovanni-boldini_in-the-bath.jpg,5
felicien-rops_gozo-hermafrodita.jpg,5
moise-kisling_the-castaway-1927(2).jpg,5
edvard-munch_paris-nude-1896.jpg,5
juan-gris_large-reclining-nude.jpg,5
zinaida-serebriakova_india-1916.jpg,5
pablo-picasso_young-naked-girl-with-flower-basket-1905.jpg,5
basuki-abdullah_reclining-nude.jpg,5
pyotr-konchalovsky_model-with-red-hair-in-the-mirror-1923.jpg,5
piet-mondrian_evolution-1911.jpg,5
roy-lichtenstein_nude-at-vanity(1).jpg,5
gustave-courbet_the-source-bather-at-the-source-1868.jpg,5
marc-chagall_nude-with-flowers-1911.jpg,5
boris-kustodiev_beauty-1918.jpg,5
francesco-hayez_badende-1832.jpg,5
federico-zandomeneghi_the-washtub.jpg,5
william-adolphe-bouguereau_beaut-romane-1904.jpg,5
ligia-macovei_thinking.jpg,5
spyros-papaloukas_nude-1917-1.jpg,5
albert-marquet_nude-on-a-blue-background-1913.jpg,5
zinaida-serebriakova_turkey-1916.jpg,5
moise-kisling_nude-woman-with-blonde-hair-1942.jpg,5
john-french-sloan_blond-nude-and-flowers-1929.jpg,5
kazimir-malevich_bathers.jpg,5
moise-kisling_eve.jpg,5
johann-koler_eve-with-a-pomegranate-1880.jpg,5
boris-kustodiev_portrait-of-a-lady-model-1908.jpg,5
balthus_getting-up.jpg,5
henri-matisse_odalisque-in-blue-or-white-slave.jpg,5
raphael-kirchner_nude-drawings-17.jpg,5
neil-welliver_sarah.jpg,5
max-weber_three-nudes-in-a-forest.jpg,5
jan-sluyters_odalisque.jpg,5
moise-kisling_sitting-nude-1930.jpg,5
william-james-glackens_nude-with-hat-1909.jpg,5
theo-van-rysselberghe_nude-woman-1916.jpg,5
robert-brackman_pastel-1.jpg,5
konstantinos-parthenis_figure-from-greek-antiquity-diptych.jpg,5
egon-schiele_reclining-female-nude-1908.jpg,5
raphael-kirchner_nude-drawings-4.jpg,5
lucian-freud_girl-with-fair-hair.jpg,5
pierre-auguste-renoir_large-bather-with-crossed-legs-1904.jpg,5
ernst-ludwig-kirchner_nude-in-orange-and-yellow-1930.jpg,5
r.-b.-kitaj_synchromy-with-f-b.jpg,5
william-james-glackens_nude-with-apple-1910.jpg,5
pierre-auguste-renoir_standing-bather-1887.jpg,5
suzanne-valadon_nude-with-a-striped-blanket-1922.jpg,5
maurice-prendergast_fantasy.jpg,5
walasse-ting_love-me-love-me-lady-with-red-hair-1975.jpg,5
henri-matisse_odalisque-harmony-in-red-1926.jpg,5
nicolae-tonitza_back-nude-abibe-1938.jpg,5
edgar-degas_after-the-bath-2.jpg,5
michelangelo_ignudo-11.jpg,5
ilya-repin_sitting-model-1866.jpg,5
lucian-freud_naked-portrait-2.jpg,5
george-frederick-watts_girl-with-peacock(1).jpg,5
grã©goire-michonze_les-femmes-enceintes.jpg,5
zinaida-serebriakova_emerging-from-the-bath-1928.jpg,5
olexandr-archipenko_two-nude-female-figures.jpg,5
egon-schiele_female-nude-1910-1.jpg,5
vincent-van-gogh_seated-male-nude-seen-from-the-back.jpg,5
milton-avery_nude-combing-hair-1954.jpg,5
utagawa-kunisada_not_detected_240343.jpg,5
gerard-fromanger_jean-paul-sartre-1976.jpg,6
boris-kustodiev_portrait-of-a-k-mineev-1923.jpg,6
ilya-repin_portrait-of-aleksandr-zhirkevich-1891.jpg,6
james-tissot_older-sister.jpg,6
pierre-bonnard_striped-blouse.jpg,6
albrecht-durer_portrait-of-a-man-with-cap.jpg,6
john-everett-millais_sir-john-everett-pippa.jpg,6
karl-bodmer_abdih-hiddisch-a-minatarre-chief-plate-24-from-volume-1-of-travels-in-the-interior-of-north-1834.jpg,6
pierre-auguste-renoir_woman-in-a-straw-hat-1918.jpg,6
camille-corot_young-boy-of-the-corot-family.jpg,6
john-singer-sargent_vernon-lee-1881.jpg,6
pyotr-konchalovsky_portrait-of-the-actress-angelina-osipovna-stepanova-1933.jpg,6
valentin-serov_portrait-of-vera-repina-1881.jpg,6
philip-de-laszlo_lady-frances-gresley-1924.jpg,6
pierre-paul-prud'hon_giovanni-battista-sommariva.jpg,6
hans-hofmann_japanese-girl-1935.jpg,6
zinaida-serebriakova_water-carrier-morocco-1928.jpg,6
paolo-veronese_aristotle.jpg,6
gustav-klimt_portrait-of-a-lady.jpg,6
octav-angheluta_ivan-lipoveanul-1969.jpg,6
mikhail-nesterov_portrait-of-sofia-tutcheva.jpg,6
gwen-john_young-woman-wearing-a-large-hat.jpg,6
piero-della-francesca_federigo-da-montefeltro-1465(1).jpg,6
henri-de-toulouse-lautrec_gabrielle-the-dancer-1890.jpg,6
leon-bonnat_charles-ephrussi.jpg,6
salvador-dali_portrait-of-anna-maria.jpg,6
rembrandt_portrait-of-nicolas-van-bambeeck-1641.jpg,6
lucas-cranach-the-elder_portrait-of-martin-luther-1543-1.jpg,6
ferdinand-hodler_portrait-of-georges-navazza-1916.jpg,6
david-burliuk_marusia-by-the-sea-1949.jpg,6
lucas-cranach-the-elder_portrait-of-a-young-woman-holding-grapes-and-apples-1528.jpg,6
gerard-sekoto_portrait-of-manuels-cousin-1944.jpg,6
giovanni-boldini_henri-rochefort(1).jpg,6
thomas-eakins_portrait-of-george-f-barker-1886.jpg,6
fyodor-rokotov_portrait-of-princess-a-a-dolgorukaya.jpg,6
billy-childish_sibelius-man-with-stick-2011.jpg,6
andy-warhol_jackie-2.jpg,6
annibale-carracci_the-laughing-youth-1583.jpg,6
odilon-redon_profile-and-flowers-1912.jpg,6
pierre-auguste-renoir_wilhelm-muhlfeld-1910.jpg,6
leon-bonnat_portrait-of-victor-hugo.jpg,6
pierre-auguste-renoir_portrait-of-a-child-2.jpg,6
raphael-kirchner_erika-1.jpg,6
egon-schiele_seated-child-1917.jpg,6
jan-matejko_maria-maurizio.jpg,6
rembrandt_knee-length-figure-of-a-man-in-an-oriental-dress-1632.jpg,6
john-singer-sargent_mrs-mahlon-day-sands-mary-hartpeace-1894.jpg,6
joaquã­n-sorolla_portrait-of-lawyer-don-silverio-de-la-torre-y-eguia-1893.jpg,6
pierre-auguste-renoir_camille-monet-and-her-son-jean-in-the-garden-at-argenteuil-1874.jpg,6
jean-francois-millet_portrait-of-pauline-ono-1844.jpg,6
balthus_princess-maria-volkonsky-at-the-age-of-twelve-1945.jpg,6
rembrandt_baerte-martens-wife-of-herman-doomer.jpg,6
james-ensor_old-lady-with-blue-shawl-the-artist-s-grandmother-1881.jpg,6
francisco-goya_the-duchess-of-alba-arranging-her-hair-1796.jpg,6
boris-kustodiev_portrait-of-i-s-zolotarevsky-1921.jpg,6
pablo-picasso_head-1913.jpg,6
edouard-manet_portrait-of-clemenceau-at-the-tribune-1880.jpg,6
agnolo-bronzino_portrait-of-cosimo-i-de-medici-1545.jpg,6
konstantin-makovsky_portrait-of-margarita-savina.jpg,6
lucas-cranach-the-elder_portrait-of-a-young-girl-magdalena-luther.jpg,6
william-adolphe-bouguereau_plums.jpg,6
agnolo-bronzino_portrait-of-lucrezia-de-medici.jpg,6
martin-johnson-heade_mary-rebecca-clark-1857.jpg,6
tano-festa_da-michelangelo-1978-1.jpg,6
akseli-gallen-kallela_portrait-of-phyllis-sj-str-m-1914.jpg,6
pierre-auguste-renoir_woman-with-a-parasol-1872.jpg,6
john-singer-sargent_mrs-thomas-lincoln-manson-jr-mary-groot-1890.jpg,6
vladimir-borovikovsky_portrait-of-gavrila-romanovich-derzhavin-1811.jpg,6
vittore-carpaccio_portrait-of-a-knight-1510.jpg,6
william-adolphe-bouguereau_a-childhood-idyll-1900.jpg,6
maurice-quentin-de-la-tour_the-cellist.jpg,6
jose-gutierrez-solana_old-mountain.jpg,6
martiros-saryan_mother-of-the-artist-1904.jpg,6
ilya-repin_fireman-1887.jpg,6
paul-gauguin_young-breton-by-the-sea-1889.jpg,6
ilya-repin_portrait-of-poet-prose-writer-translator-and-dramatist-sergei-mitrofanovich-gorodetsky-with-his-1914.jpg,6
maurice-de-vlaminck_woman-in-a-pink-hat.jpg,6
tsukioka-yoshitoshi_not_detected_242422.jpg,6
william-adolphe-bouguereau_reverie-1894.jpg,6
joaquã­n-sorolla_raimundo-de-madrazo-in-his-paris-garden-1906.jpg,6
thomas-eakins_portraits-2.jpg,6
giorgione_warrior-with-groom-1510(2).jpg,6
francisco-goya_manuel-godoy-duke-of-alcudia-prince-of-peace-1801.jpg,6
pyotr-konchalovsky_spanish-woman-1910.jpg,6
benjamin-west_peter-beckford-1797.jpg,6
jacek-malczewski_portrait-of-maria-balowa.jpg,6
oskar-kokoschka_not_detected_235850.jpg,6
francois-boucher_young-woman-with-a-bouquet-of-roses.jpg,6
zinaida-serebriakova_portrait-of-a-ballerina-l-a-ivanova-1921.jpg,6
john-singer-sargent_cashmere-shawl-1910.jpg,6
john-singer-sargent_isabella-stewart-gardner-1888.jpg,6
mary-cassatt_ellen-with-bows-in-her-hair-looking-right.jpg,6
ilya-repin_portrait-of-the-art-critic-vladimir-stasov-1873.jpg,6
john-william-waterhouse_lady-violet-henderson-1907.jpg,6
egon-schiele_seated-woman-with-her-left-hand-in-her-hair-1914.jpg,6
walter-battiss_one-way-street.jpg,6
konstantinos-parthenis_portrait-of-p-papathanasiou.jpg,6
jan-matejko_portrait-of-a-daughter-beata.jpg,6
childe-hassam_the-victorian-chair.jpg,6
joshua-reynolds_catherine-lady-chambers.jpg,6
fra-angelico_scenes-from-the-life-of-christ-1452-1.jpg,7
george-frederick-watts_creation.jpg,7
cima-da-conegliano_st-jerome-in-a-landscape.jpg,7
salvador-dali_the-sacred-heart-of-jesus.jpg,7
titian_not_detected_224922.jpg,7
sandro-botticelli_the-agony-in-the-garden(1).jpg,7
gustave-dore_jacob-wrestling-with-the-angel-1866.jpg,7
marc-chagall_the-tablets-of-law-1962-1.jpg,7
albrecht-durer_conversion-of-paul.jpg,7
marc-chagall_the-vision-of-moses-1968.jpg,7
fernando-botero_the-dolorosa.jpg,7
hieronymus-bosch_the-garden-of-earthly-delights-1516-12.jpg,7
albrecht-durer_the-holy-family.jpg,7
albrecht-durer_christ-crowned-with-thorns-1512.jpg,7
fra-angelico_crucified-christ-1434.jpg,7
dosso-dossi_sts-john-and-bartholomew-with-donors-1527.jpg,7
piero-della-francesca_st-andrew-and-st-bernardino.jpg,7
pinturicchio_the-annunciation-1501.jpg,7
albrecht-durer_the-adoration-of-the-magi-1504.jpg,7
joachim-patinir_rocky-landscape-with-saint-jerome.jpg,7
albrecht-durer_temptation.jpg,7
caravaggio_saint-francis-in-meditation(1).jpg,7
paolo-uccello_disputation-of-st-stephen.jpg,7
gustave-dore_the-ammonite-and-moabite-armies-are-destroyed.jpg,7
james-tissot_the-brazen-serpent.jpg,7
raphael_st-john-the-baptist-in-the-desert-1520.jpg,7
bernardo-strozzi_the-charity-of-st-lawrence.jpg,7
robert-campin_madonna-and-child-in-a-garden.jpg,7
tintoretto_the-presentation-of-the-virgin-1556.jpg,7
giorgio-vasari_the-garden-of-gethsemane.jpg,7
hieronymus-bosch_the-temptation-of-st-anthony.jpg,7
william-blake_melancholy-1820.jpg,7
francisco-de-zurbaran_st-pierre-pascal-bishop-of-jaen.jpg,7
bartolome-esteban-murillo_saint-anthony-of-padua-adore-the-child.jpg,7
marc-chagall_rahab-and-the-spies-of-jericho-1960.jpg,7
lorenzo-lotto_altar-of-st-lucia-st-lucia-in-front-of-the-judges-1532.jpg,7
pietro-perugino_pala-di-sant-agostino-pieta-1523.jpg,7
benozzo-gozzoli_st-dominic-reuscitates-napoleone-orsini.jpg,7
nicholas-roerich_pantokrator-1909.jpg,7
salvador-dali_st-george-and-the-dragon.jpg,7
pietro-perugino_pala-di-sant-agostino-baptism-of-christ-1523.jpg,7
parmigianino_madonna-with-saint-zacharias-1530.jpg,7
hieronymus-bosch_st-jacques-and-the-magician-hermogenes.jpg,7
albrecht-durer_the-holy-family-with-joachim-and-saint-ann.jpg,7
michelangelo_the-ancestors-of-christ-azor-sadoch-1512.jpg,7
andrea-del-sarto_holy-family-borgherini.jpg,7
filippo-lippi_funeral-of-st-jerome-1465.jpg,7
benozzo-gozzoli_procession-of-the-magi-detail-1461.jpg,7
guido-reni_massacre-of-the-innocents-1611.jpg,7
tintoretto_the-fall-of-man-1578.jpg,7
hieronymus-bosch_the-temptation-of-st-anthony-1516-5.jpg,7
albrecht-durer_st-philip-1526.jpg,7
paolo-veronese_coronation-of-the-virgin-1555.jpg,7
pietro-perugino_polyptych-annunziata-john-the-baptist.jpg,7
hieronymus-bosch_the-conjuror.jpg,7
ilya-repin_get-away-from-me-satan.jpg,7
gerard-david_mary-and-child-with-two-angels-making-music.jpg,7
andrea-mantegna_madonna-and-child-jpg.jpg,7
james-tissot_nathan-rebukes-david-as-in-2-samuel-120.jpg,7
fra-angelico_marriage-of-the-virgin-1434.jpg,7
gustave-dore_the-vision-of-the-valley-of-dry-bones-1866.jpg,7
peter-paul-rubens_esther-and-ahasverus.jpg,7
peter-paul-rubens_miracle-of-st-ignatius-of-loyola.jpg,7
albrecht-durer_the-dresden-altarpiece-central-panel-1496.jpg,7
vasily-surikov_the-apostle-paul-explains-the-tenets-of-faith-in-the-presence-of-king-agrippa-his-sister-1875.jpg,7
gustave-dore_rizpah-s-kindness-toward-the-dead.jpg,7
salvador-dali_religious-scene-in-particles.jpg,7
gustave-moreau_the-prodigal-son-1890.jpg,7
paolo-veronese_the-fainting-of-esther.jpg,7
lorenzo-lotto_st-catherine-of-alexandria-1522.jpg,7
paolo-veronese_st-sebastian-1558.jpg,7
rembrandt_jesus-christ-entombed-1654.jpg,7
james-tissot_barrabbas-illustration-from-the-life-of-our-lord-jesus-christ-1894.jpg,7
piero-della-francesca_death-of-adam-detail(1).jpg,7
tintoretto_camerlenghi-madonna-madonna-of-the-treasurers.jpg,7
paolo-uccello_scenes-of-monastic-life-1.jpg,7
jacopo-pontormo_st-matthew-the-evangelist.jpg,7
james-tissot_the-hidden-treasure-illustration-from-the-life-of-our-lord-jesus-christ.jpg,7
michelangelo_the-entombment.jpg,7
gustave-dore_samuel-blesses-saul.jpg,7
pietro-perugino_virgin-enthroned-with-saints-catherine-of-alexandria-and-biagio.jpg,7
fra-angelico_thebaid.jpg,7
nicholas-roerich_annunciation-virgin-mary-1907.jpg,7
ilya-repin_job-and-his-friends-1869.jpg,7
guido-reni_st-sebastian-1642.jpg,7
mikhail-nesterov_ascension-1895.jpg,7
tintoretto_visitation.jpg,7
nicholas-roerich_maitreya-1932-3.jpg,7
albrecht-altdorfer_calvary-1526.jpg,7
marc-chagall_the-lord-appears-to-elijah-at-the-entrance-to-the-cave-in-which-he-took-refuge-i-kings-xix-9-13-1956.jpg,7
domenico-veneziano_martyrdom-of-st-lucy.jpg,7
andy-warhol_the-last-supper-1986-1.jpg,7
marc-chagall_striking-the-rock.jpg,7
robert-campin_blessing-christ-and-praying-virgin.jpg,7
tintoretto_the-resurrection-of-christ-1565.jpg,7
albrecht-altdorfer_entombment-of-christ-1518.jpg,7
sebastien-bourdon_the-holy-family-with-saints-elizabeth-and-the-infant-john-the-baptist-1665.jpg,7
edward-burne-jones_angel.jpg,7
salvador-dali_hircus-caprarum-super-faciem-terrae-1964.jpg,7
pieter-bruegel-the-elder_landscape-with-christ-appearing-to-the-apostles-at-the-sea-of-tiberias-1553.jpg,7
le-corbusier_abstract-composition-figures-in-a-landscape-1930.jpg,8
fernand-leger_study-for-builders-of-feet-1950.jpg,8
pyotr-konchalovsky_sevilla-matador-1910.jpg,8
fernand-leger_the-album-circus-1950-36.jpg,8
orest-kiprensky_barbara-ushakova-1810.jpg,8
august-macke_horse-market.jpg,8
ilya-repin_sketch-for-the-painting-ceremonial-meeting-of-the-state-council-on-may-7-1901-1903-1.jpg,8
vincent-van-gogh_orchard-and-house-with-orange-roof-1888-1.jpg,8
george-stubbs_study-of-a-fowl-lateral-view-with-skin-and-underlying-fascial-layers-removed-from-a-comparative.jpg,8
alphonse-mucha_contemplation.jpg,8
martiros-saryan_mountain-waves-in-armenia-1929.jpg,8
ivan-shishkin_deciduous-forest-1873.jpg,8
nicholas-roerich_boundary-of-kingdoms-1915.jpg,8
vincent-van-gogh_seated-girl-and-venus.jpg,8
ivan-shishkin_river-floods-such-as-seas-1890-1.jpg,8
leonardo-da-vinci_study-for-the-madonna-with-the-fruit-bowl.jpg,8
konstantin-bogaevsky_estate-in-kenegeze-1909.jpg,8
kazimir-malevich_in-the-field-1912.jpg,8
vincent-van-gogh_wheatfield-with-reaper-and-peasant-woman-binding-sheaves-1885.jpg,8
jacopo-pontormo_two-nudes-compared.jpg,8
henri-matisse_memory-of-oceania.jpg,8
pierre-auguste-renoir_head-of-gabrielle-1895.jpg,8
paolo-uccello_perspective-study-of-mazzocchio.jpg,8
katsushika-hokusai_manga-6.jpg,8
pyotr-konchalovsky_view-of-mtskheta-from-the-mountain-1927.jpg,8
boris-kustodiev_portrait-of-y-e-kustodieva-1903.jpg,8
leonardo-da-vinci_anatomical-studies.jpg,8
kuzma-petrov-vodkin_the-model-1.jpg,8
boris-kustodiev_summer-1921.jpg,8
pyotr-konchalovsky_portrait-of-the-historian-nikolai-alexandrovich-geynike-1919-1.jpg,8
albrecht-durer_studies-on-a-great-picture-of-the-virgin-madonna-with-child-ten-saints-and-angels.jpg,8
boris-kustodiev_portrait-of-t-f-davydova-1912.jpg,8
fernand-leger_lovers.jpg,8
martiros-saryan_cliff-1945.jpg,8
aleksey-savrasov_spring-landscape-1890.jpg,8
vincent-van-gogh_head-of-a-man-4(1).jpg,8
vincent-van-gogh_venus-1.jpg,8
vincent-van-gogh_mask-of-an-egyptian-mummy-3-1889.jpg,8
boris-kustodiev_portrait-of-n-g-aleksandrov-1914.jpg,8
john-crome_study-of-flints-1811.jpg,8
george-bouzianis_ksaplwth-gunaika-1930.jpg,8
egon-schiele_untitled.jpg,8
vincent-van-gogh_woman-walking-her-dog-1886.jpg,8
brice-marden_greece-summer-1974-2.jpg,8
paolo-uccello_24-hours-clock.jpg,8
vincent-van-gogh_sketch-of-a-right-arm-and-shoulder-1886.jpg,8
thomas-eakins_studies-for-william-rush-1876-1.jpg,8
orest-kiprensky_ivan-krylov-and-anna-fuhrman-in-the-living-room-1816.jpg,8
rembrandt_the-agony-in-the-garden-1655.jpg,8
marc-chagall_untitled-1973-1.jpg,8
michelangelo_study-for-the-porta-pia-a-gate-in-the-aurelian-walls-of-rome-1561.jpg,8
valentin-serov_dispersal-of-the-cossacks-of-demonstrators-in-1905-1905.jpg,8
pierre-auguste-renoir_earthenware-jug.jpg,8
kazimir-malevich_reaping-1911.jpg,8
rembrandt_overhanging-bushes-in-a-ditch.jpg,8
dante-gabriel-rossetti_annie-miller-1877-3.jpg,8
vincent-van-gogh_snowy-landscape-with-stooping-woman-1883.jpg,8
vincent-van-gogh_sketch-of-diggers-and-other-figures-1890.jpg,8
georges-braque_nude-study-1908.jpg,8
boris-kustodiev_seated-woman-with-a-book-1915.jpg,8
kazimir-malevich_peasant-women-in-a-church-1912.jpg,8
nicholas-roerich_sketch-with-trees-and-people-with-buggles-1919.jpg,8
antoine-watteau_sketch-with-two-figures-1715.jpg,8
mary-cassatt_sketch-for-francoise-in-a-round-backed-chair-reading-or-a-girl-in-pink.jpg,8
hans-holbein-the-younger_portrait-of-lady-mary-guildford-1527.jpg,8
nicholas-roerich_cabin-1912.jpg,8
thomas-eakins_perspective-drawing-for-baseball-players-practicing.jpg,8
henri-edmond-cross_study-for-in-the-woods-with-female-nude.jpg,8
isaac-levitan_entrance-gate-of-savvinsky-monastery-near-zvenigorod-1884.jpg,8
akseli-gallen-kallela_study-1889.jpg,8
michelangelo_design-for-julius-ii-tomb-second-version.jpg,8
henri-de-toulouse-lautrec_jane-avril-dancing-1892.jpg,8
maurice-quentin-de-la-tour_study-for-portrait-of-unknown-woman-4.jpg,8
pierre-auguste-renoir_nude-study-for-the-large-bathers-1887.jpg,8
ivan-shishkin_carved-wood.jpg,8
fyodor-solntsev_from-the-wedding-of-tsar-mikhail-fedorovich.jpg,8
pisanello_apes-1430.jpg,8
arkhip-kuindzhi_forgotten-village-1873.jpg,8
vincent-van-gogh_sketch-of-a-knee-1886-1.jpg,8
filippo-lippi_figure-study-1465.jpg,8
vincent-van-gogh_peasant-woman-head-1885-1.jpg,8
maurice-quentin-de-la-tour_portrait-of-unknown-man.jpg,8
pierre-auguste-renoir_landscape-3.jpg,8
vasily-surikov_boatsman-1912.jpg,8
henri-de-toulouse-lautrec_mary-hamilton.jpg,8
vincent-van-gogh_woman-standing-1890.jpg,8
fyodor-solntsev_people-clothes-the-province-of-kiev-2.jpg,8
boris-kustodiev_barin-laputin-and-porter-1922.jpg,8
isaac-levitan_summer-evening-edge-of-village-1899.jpg,8
julio-gonzalez_figure-with-balls-1938.jpg,8
peter-paul-rubens_head-and-right-hand-of-a-woman.jpg,8
ivan-shishkin_herd-of-sheep-under-an-oak-tree-1863.jpg,8
nicholas-roerich_sketch-for-ladoga-series-1917.jpg,8
vincent-van-gogh_reaper-1885-1.jpg,8
vincent-van-gogh_four-sketches-of-a-foot-1886(1).jpg,8
kazuo-nakamura_in-space-blue-irises-1967.jpg,8
martiros-saryan_vartan-mamikonian-1900.jpg,8
john-singer-sargent_jack-millet-as-a-baby-1888.jpg,8
vincent-van-gogh_walking-couple-1886.jpg,8
isaac-levitan_landscape-at-volga-1890.jpg,8
amedee-ozenfant_still-life-1921.jpg,9
ilya-mashkov_still-life-with-brocade-1914.jpg,9
pablo-picasso_guitar-on-pedestal-1920-2.jpg,9
pablo-picasso_still-life-with-gobleet-1914.jpg,9
pyotr-konchalovsky_oranges-1908.jpg,9
paul-cezanne_still-life-with-open-drawer-1879.jpg,9
henri-fantin-latour_basket-of-peaches.jpg,9
constantin-artachino_yellow-roses.jpg,9
pablo-picasso_pedestal-1914.jpg,9
hans-hofmann_table-with-teakettle-green-vase-and-red-flowers-1936.jpg,9
kuzma-petrov-vodkin_violin-1918.jpg,9
pierre-auguste-renoir_strawberries.jpg,9
vincent-van-gogh_bobbin-winder-1885(1).jpg,9
pablo-picasso_still-life-with-bull-s-skull-1939.jpg,9
henri-matisse_not-identified-26.jpg,9
pierre-auguste-renoir_watering-can-1905.jpg,9
paul-gauguin_mandolina-and-flowers-1883.jpg,9
paul-cezanne_still-life-with-oranges-1900.jpg,9
panayiotis-tetsis_tables-vi-1985.jpg,9
kuzma-petrov-vodkin_still-life-with-a-female-head-1921.jpg,9
maurice-prendergast_flowers-in-a-vase.jpg,9
juan-gris_glass-and-carafe-1917.jpg,9
janet-fish_orange-pink-green-2003.jpg,9
gustave-courbet_still-life-apples-and-pears-1871.jpg,9
ipolit-strambu_vase-with-flowers-1909.jpg,9
paul-gauguin_the-vase-of-nasturtiums-1886.jpg,9
georges-braque_the-pedestal-1921.jpg,9
kuzma-petrov-vodkin_still-life-with-samovar-1920.jpg,9
jamie-wyeth_lattice-work-1967.jpg,9
richard-hamilton_desk-1964.jpg,9
paul-cezanne_still-life-jug-and-fruit-on-a-table-1894.jpg,9
pyotr-konchalovsky_still-life-table-with-the-dishes-1919.jpg,9
viktor-vasnetsov_sedge-1880.jpg,9
adam-baltatu_still-life-with-green-apples.jpg,9
henri-matisse_not-identified.jpg,9
adolf-fleischmann_hommage-delaunay-et-gleizes-1938.jpg,9
mary-fedden_fruit-2009.jpg,9
pyotr-konchalovsky_still-life-basket-of-apples-on-the-floor-1932.jpg,9
kuzma-petrov-vodkin_morning-still-life-1918.jpg,9
camille-pissarro_still-life-1867.jpg,9
kuzma-petrov-vodkin_still-life-with-mirror-1919.jpg,9
pyotr-konchalovsky_still-life-box-of-cigars-1916.jpg,9
paul-cezanne_pot-of-ginger-and-fruits-on-a-table.jpg,9
pyotr-konchalovsky_still-life-hares-and-grouse-1951.jpg,9
vincent-van-gogh_still-life-with-basket-of-apples-1887.jpg,9
kuzma-petrov-vodkin_still-life-1921-1.jpg,9
odilon-redon_still-life.jpg,9
pyotr-konchalovsky_apples-on-the-window-1932.jpg,9
gino-severini_still-life-with-violin-1964.jpg,9
auguste-herbin_still-life-1920.jpg,9
abraham-manievich_flowers-vase-on-a-hamper.jpg,9
konstantin-korovin_roses-fruit-wine-1912.jpg,9
theodor-pallady_still-life-with-hubble-bubble-and-boxes.jpg,9
pablo-picasso_glass-and-bottle-of-suze-1912.jpg,9
georges-braque_still-life-with-bottle-of-bass-1914.jpg,9
claude-monet_still-life-with-pears-and-grapes.jpg,9
pyotr-konchalovsky_silver-and-crystal-1938.jpg,9
juan-gris_still-life-with-guitar-1920.jpg,9
adam-baltatu_cup-with-geraniums.jpg,9
karl-bodmer_inside-front-cover-left.jpg,9
pierre-bonnard_fish-in-a-dish-1921.jpg,9
raoul-dufy_homage-to-claude-debussy-1952.jpg,9
marc-chagall_window-in-artist-s-studio-1976.jpg,9
gregoire-boonzaier_still-life-with-tulips-1937.jpg,9
katsushika-hokusai_wooden-horse.jpg,9
juan-gris_carafe-and-book-1920.jpg,9
oskar-kokoschka_still-life-with-a-slaughtered-lamb.jpg,9
pyotr-konchalovsky_still-life-white-partridge-1953.jpg,9
joan-miro_north-south.jpg,9
juan-gris_violine-and-glass-1913.jpg,9
pyotr-konchalovsky_still-life-grape-1929.jpg,9
constantin-piliuta_dandelions-1991.jpg,9
gustave-caillebotte_calf-in-a-butcher-shop.jpg,9
georges-braque_still-life-with-lobster-1948.jpg,9
ion-pacea_crizanteme.jpg,9
andy-warhol_hammer-and-sickle.jpg,9
pablo-picasso_bowl-of-fruit-and-guitar-1920.jpg,9
david-burliuk_still-life-with-a-jug-1930.jpg,9
dimitris-mytaras_shells.jpg,9
gustave-courbet_still-life.jpg,9
pyotr-konchalovsky_still-life-1920.jpg,9
vincent-van-gogh_still-life-with-grapes-pears-and-lemons-1887-1.jpg,9
theo-van-rysselberghe_vase-of-flowers-1907.jpg,9
fernand-leger_red-pot-1926.jpg,9
jean-baptiste-simeon-chardin_still-life-with-two-rabbits.jpg,9
william-merritt-chase_the-little-red-bowl.jpg,9
william-scott_the-frying-pan-1946.jpg,9
julius-leblanc-stewart_still-life-with-asian-objects(1).jpg,9
pablo-picasso_geometrical-composition-the-guitar-1913.jpg,9
henri-fantin-latour_flowers-and-fruit-a-melon-1865.jpg,9
henri-matisse_the-red-onions-1906.jpg,9
konstantinos-parthenis_still-life-with-acropolis-in-the-background-1931.jpg,9
gustave-caillebotte_still-life-with-crayfish-1882.jpg,9
henri-matisse_still-life-with-aubergines-1911.jpg,9
olga-rozanova_workbox.jpg,9
frans-snyders_kitchen-still-life-1610.jpg,9
louis-marcoussis_guitar-and-pomegranates-by-a-window-1921.jpg,9
joan-ponc_untitled-1946-1.jpg,9
henri-matisse_still-life-13.jpg,9
louis-marcoussis_still-life-with-pomegranates-and-knife-on-a-pedistal-1925.jpg,9
